<?xml version="1.0" encoding="UTF-8"?>
<!DOCTYPE plist PUBLIC "-//Apple Computer//DTD PLIST 1.0//EN" "http://www.apple.com/DTDs/PropertyList-1.0.dtd">
<plist version="1.0">
	<dict>
		<key>connections</key>
		<dict>
			<key>TiVo</key>
			<dict>
				<key>class</key>
				<string>TiVoConnection</string>
				<key>ipField</key>
				<string>IP Address</string>
			</dict>
		</dict>
		<key>functions</key>
		<dict>
			<key>TiVo</key>
			<dict>
				<key>connectionType</key>
				<string>TiVo</string>
				<key>command</key>
				<string>TIVO</string>
			</dict>
			<key>TiVo Standby</key>
			<dict>
				<key>connectionType</key>
				<string>TiVo</string>
				<key>command</key>
				<string>STANDBY</string>
			</dict>
			<key>TiVo Up</key>
			<dict>
				<key>connectionType</key>
				<string>TiVo</string>
				<key>command</key>
				<string>UP</string>
			</dict>
			<key>TiVo LiveTV</key>
			<dict>
				<key>connectionType</key>
				<string>TiVo</string>
				<key>command</key>
				<string>LIVETV</string>
			</dict>
			<key>TiVo Left</key>
			<dict>
				<key>connectionType</key>
				<string>TiVo</string>
				<key>command</key>
				<string>LEFT</string>
			</dict>
			<key>TiVo Right</key>
			<dict>
				<key>connectionType</key>
				<string>TiVo</string>
				<key>command</key>
				<string>RIGHT</string>
			</dict>
			<key>TiVo Info</key>
			<dict>
				<key>connectionType</key>
				<string>TiVo</string>
				<key>command</key>
				<string>DISPLAY</string>
			</dict>
			<key>TiVo Aspect</key>
			<dict>
				<key>connectionType</key>
				<string>TiVo</string>
				<key>command</key>
				<string>WINDOW</string>
			</dict>
			<key>TiVo Down</key>
			<dict>
				<key>connectionType</key>
				<string>TiVo</string>
				<key>command</key>
				<string>DOWN</string>
			</dict>
			<key>TiVo Guide</key>
			<dict>
				<key>connectionType</key>
				<string>TiVo</string>
				<key>command</key>
				<string>GUIDE</string>
			</dict>
			<key>TiVo Thumbs Down</key>
			<dict>
				<key>connectionType</key>
				<string>TiVo</string>
				<key>command</key>
				<string>THUMBSDOWN</string>
			</dict>
			<key>TiVo Select</key>
			<dict>
				<key>connectionType</key>
				<string>TiVo</string>
				<key>command</key>
				<string>SELECT</string>
			</dict>
			<key>TiVo Thumbs Up</key>
			<dict>
				<key>connectionType</key>
				<string>TiVo</string>
				<key>command</key>
				<string>THUMBSUP</string>
			</dict>
			<key>TiVo Record</key>
			<dict>
				<key>connectionType</key>
				<string>TiVo</string>
				<key>command</key>
				<string>RECORD</string>
			</dict>
			<key>TiVo Play</key>
			<dict>
				<key>connectionType</key>
				<string>TiVo</string>
				<key>command</key>
				<string>PLAY</string>
			</dict>
			<key>TiVo Channel Up</key>
			<dict>
				<key>connectionType</key>
				<string>TiVo</string>
				<key>command</key>
				<string>CHANNELUP</string>
			</dict>
			<key>TiVo Channel Down</key>
			<dict>
				<key>connectionType</key>
				<string>TiVo</string>
				<key>command</key>
				<string>CHANNELDOWN</string>
			</dict>
			<key>TiVo Rewind</key>
			<dict>
				<key>connectionType</key>
				<string>TiVo</string>
				<key>command</key>
				<string>REVERSE</string>
			</dict>
			<key>TiVo Pause</key>
			<dict>
				<key>connectionType</key>
				<string>TiVo</string>
				<key>command</key>
				<string>PAUSE</string>
			</dict>
			<key>TiVo Forward</key>
			<dict>
				<key>connectionType</key>
				<string>TiVo</string>
				<key>command</key>
				<string>FORWARD</string>
			</dict>
			<key>TiVo Instant Replay</key>
			<dict>
				<key>connectionType</key>
				<string>TiVo</string>
				<key>command</key>
				<string>REPLAY</string>
			</dict>
			<key>TiVo Slow</key>
			<dict>
				<key>connectionType</key>
				<string>TiVo</string>
				<key>command</key>
				<string>SLOW</string>
			</dict>
			<key>TiVo Skip to End</key>
			<dict>
				<key>connectionType</key>
				<string>TiVo</string>
				<key>command</key>
				<string>ADVANCE</string>
			</dict>
			<key>TiVo Clear</key>
			<dict>
				<key>connectionType</key>
				<string>TiVo</string>
				<key>command</key>
				<string>CLEAR</string>
			</dict>
			<key>TiVo Enter</key>
			<dict>
				<key>connectionType</key>
				<string>TiVo</string>
				<key>command</key>
				<string>ENTER</string>
			</dict>
			<key>TiVo 1</key>
			<dict>
				<key>connectionType</key>
				<string>TiVo</string>
				<key>command</key>
				<string>NUM1</string>
			</dict>
			<key>TiVo 2</key>
			<dict>
				<key>connectionType</key>
				<string>TiVo</string>
				<key>command</key>
				<string>NUM2</string>
			</dict>
			<key>TiVo 3</key>
			<dict>
				<key>connectionType</key>
				<string>TiVo</string>
				<key>command</key>
				<string>NUM3</string>
			</dict>
			<key>TiVo 4</key>
			<dict>
				<key>connectionType</key>
				<string>TiVo</string>
				<key>command</key>
				<string>NUM4</string>
			</dict>
			<key>TiVo 5</key>
			<dict>
				<key>connectionType</key>
				<string>TiVo</string>
				<key>command</key>
				<string>NUM5</string>
			</dict>
			<key>TiVo 6</key>
			<dict>
				<key>connectionType</key>
				<string>TiVo</string>
				<key>command</key>
				<string>NUM6</string>
			</dict>
			<key>TiVo 7</key>
			<dict>
				<key>connectionType</key>
				<string>TiVo</string>
				<key>command</key>
				<string>NUM7</string>
			</dict>
			<key>TiVo 8</key>
			<dict>
				<key>connectionType</key>
				<string>TiVo</string>
				<key>command</key>
				<string>NUM8</string>
			</dict>
			<key>TiVo 9</key>
			<dict>
				<key>connectionType</key>
				<string>TiVo</string>
				<key>command</key>
				<string>NUM9</string>
			</dict>
			<key>TiVo 0</key>
			<dict>
				<key>connectionType</key>
				<string>TiVo</string>
				<key>command</key>
				<string>NUM0</string>
			</dict>
		</dict>
		<key>sections</key>
		<dict>
			<key>Navigation</key>
			<dict>
				<key>buttons</key>
				<array>
					<dict>
						<key>function</key>
						<string>TiVo Standby</string>
						<key>connection</key>
						<string>TiVo</string>
						<key>title</key>
						<string>Standby</string>
						<key>icon</key>
						<string>button.png</string>
						<key>xCoord</key>
						<integer>0</integer>
						<key>yCoord</key>
						<integer>0</integer>
						<key>confirm</key>
						<string>Are you sure?</string>
						<key>tag</key>
						<string>Show Standby</string>
					</dict>
					<dict>
						<key>function</key>
						<string>TiVo Up</string>
						<key>connection</key>
						<string>TiVo</string>
						<key>title</key>
						<string>/\</string>
						<key>icon</key>
						<string>button.png</string>
						<key>xCoord</key>
						<integer>128</integer>
						<key>yCoord</key>
						<integer>0</integer>
					</dict>
					<dict>
						<key>function</key>
						<string>TiVo LiveTV</string>
						<key>connection</key>
						<string>TiVo</string>
						<key>title</key>
						<string>LiveTV</string>
						<key>icon</key>
						<string>button.png</string>
						<key>xCoord</key>
						<integer>256</integer>
						<key>yCoord</key>
						<integer>0</integer>
					</dict>
					<dict>
						<key>function</key>
						<string>TiVo Left</string>
						<key>connection</key>
						<string>TiVo</string>
						<key>title</key>
						<string>&lt;</string>
						<key>icon</key>
						<string>button.png</string>
						<key>xCoord</key>
						<integer>64</integer>
						<key>yCoord</key>
						<integer>48</integer>
					</dict>
					<dict>
						<key>function</key>
						<string>TiVo Right</string>
						<key>connection</key>
						<string>TiVo</string>
						<key>title</key>
						<string>&gt;</string>
						<key>icon</key>
						<string>button.png</string>
						<key>xCoord</key>
						<integer>192</integer>
						<key>yCoord</key>
						<integer>48</integer>
					</dict>
					<dict>
						<key>function</key>
						<string>TiVo Info</string>
						<key>connection</key>
						<string>TiVo</string>
						<key>title</key>
						<string>Info</string>
						<key>icon</key>
						<string>button.png</string>
						<key>xCoord</key>
						<integer>256</integer>
						<key>yCoord</key>
						<integer>48</integer>
					</dict>
					<dict>
						<key>function</key>
						<string>TiVo Aspect</string>
						<key>connection</key>
						<string>TiVo</string>
						<key>title</key>
						<string>Aspect</string>
						<key>icon</key>
						<string>button.png</string>
						<key>xCoord</key>
						<integer>0</integer>
						<key>yCoord</key>
						<integer>96</integer>
					</dict>
					<dict>
						<key>function</key>
						<string>TiVo Down</string>
						<key>connection</key>
						<string>TiVo</string>
						<key>title</key>
						<string>\/</string>
						<key>icon</key>
						<string>button.png</string>
						<key>xCoord</key>
						<integer>128</integer>
						<key>yCoord</key>
						<integer>96</integer>
					</dict>
					<dict>
						<key>function</key>
						<string>TiVo Guide</string>
						<key>connection</key>
						<string>TiVo</string>
						<key>title</key>
						<string>Guide</string>
						<key>icon</key>
						<string>button.png</string>
						<key>xCoord</key>
						<integer>256</integer>
						<key>yCoord</key>
						<integer>96</integer>
					</dict>
					<dict>
						<key>function</key>
						<string>TiVo Thumbs Down</string>
						<key>connection</key>
						<string>TiVo</string>
						<key>title</key>
						<string>ThDn</string>
						<key>icon</key>
						<string>button.png</string>
						<key>xCoord</key>
						<integer>0</integer>
						<key>yCoord</key>
						<integer>144</integer>
					</dict>
					<dict>
						<key>function</key>
						<string>TiVo Select</string>
						<key>connection</key>
						<string>TiVo</string>
						<key>title</key>
						<string>Select</string>
						<key>icon</key>
						<string>button.png</string>
						<key>xCoord</key>
						<integer>128</integer>
						<key>yCoord</key>
						<integer>144</integer>
					</dict>
					<dict>
						<key>function</key>
						<string>TiVo Thumbs Up</string>
						<key>connection</key>
						<string>TiVo</string>
						<key>title</key>
						<string>ThUp</string>
						<key>icon</key>
						<string>button.png</string>
						<key>xCoord</key>
						<integer>256</integer>
						<key>yCoord</key>
						<integer>144</integer>
					</dict>
					<dict>
						<key>function</key>
						<string>TiVo Record</string>
						<key>connection</key>
						<string>TiVo</string>
						<key>title</key>
						<string>Rec</string>
						<key>icon</key>
						<string>button.png</string>
						<key>xCoord</key>
						<integer>0</integer>
						<key>yCoord</key>
						<integer>192</integer>
					</dict>
					<dict>
						<key>function</key>
						<string>TiVo Channel Up</string>
						<key>connection</key>
						<string>TiVo</string>
						<key>title</key>
						<string>Ch+</string>
						<key>icon</key>
						<string>button.png</string>
						<key>xCoord</key>
						<integer>256</integer>
						<key>yCoord</key>
						<integer>192</integer>
					</dict>
					<dict>
						<key>function</key>
						<string>TiVo Channel Down</string>
						<key>connection</key>
						<string>TiVo</string>
						<key>title</key>
						<string>Ch-</string>
						<key>icon</key>
						<string>button.png</string>
						<key>xCoord</key>
						<integer>256</integer>
						<key>yCoord</key>
						<integer>240</integer>
					</dict>
					<dict>
						<key>function</key>
						<string>TiVo Skip to End</string>
						<key>connection</key>
						<string>TiVo</string>
						<key>title</key>
						<string>-&gt;|</string>
						<key>icon</key>
						<string>button.png</string>
						<key>xCoord</key>
						<integer>256</integer>
						<key>yCoord</key>
						<integer>288</integer>
					</dict>
					<dict>
						<key>function</key>
						<string>TiVo Clear</string>
						<key>connection</key>
						<string>TiVo</string>
						<key>title</key>
						<string>Clear</string>
						<key>icon</key>
						<string>button.png</string>
						<key>xCoord</key>
						<integer>0</integer>
						<key>yCoord</key>
						<integer>336</integer>
					</dict>
					<dict>
						<key>function</key>
						<string>TiVo Enter</string>
						<key>connection</key>
						<string>TiVo</string>
						<key>title</key>
						<string>Enter</string>
						<key>icon</key>
						<string>button.png</string>
						<key>xCoord</key>
						<integer>256</integer>
						<key>yCoord</key>
						<integer>336</integer>
					</dict>
				</array>
			</dict>
			<key>Playback</key>
			<dict>
				<key>buttons</key>
				<array>
					<dict>
						<key>function</key>
						<string>TiVo Play</string>
						<key>connection</key>
						<string>TiVo</string>
						<key>title</key>
						<string>|&gt;</string>
						<key>icon</key>
						<string>button.png</string>
						<key>xCoord</key>
						<integer>128</integer>
						<key>yCoord</key>
						<integer>192</integer>
					</dict>
					<dict>
						<key>function</key>
						<string>TiVo Rewind</string>
						<key>connection</key>
						<string>TiVo</string>
						<key>title</key>
						<string>&lt;&lt;</string>
						<key>icon</key>
						<string>button.png</string>
						<key>xCoord</key>
						<integer>64</integer>
						<key>yCoord</key>
						<integer>240</integer>
					</dict>
					<dict>
						<key>function</key>
						<string>TiVo Pause</string>
						<key>connection</key>
						<string>TiVo</string>
						<key>title</key>
						<string>||</string>
						<key>icon</key>
						<string>button.png</string>
						<key>xCoord</key>
						<integer>128</integer>
						<key>yCoord</key>
						<integer>240</integer>
					</dict>
					<dict>
						<key>function</key>
						<string>TiVo Forward</string>
						<key>connection</key>
						<string>TiVo</string>
						<key>title</key>
						<string>&gt;&gt;</string>
						<key>icon</key>
						<string>button.png</string>
						<key>xCoord</key>
						<integer>192</integer>
						<key>yCoord</key>
						<integer>240</integer>
					</dict>
					<dict>
						<key>function</key>
						<string>TiVo Instant Replay</string>
						<key>connection</key>
						<string>TiVo</string>
						<key>title</key>
						<string>Repl</string>
						<key>icon</key>
						<string>button.png</string>
						<key>xCoord</key>
						<integer>0</integer>
						<key>yCoord</key>
						<integer>288</integer>
					</dict>
					<dict>
						<key>function</key>
						<string>TiVo Slow</string>
						<key>connection</key>
						<string>TiVo</string>
						<key>title</key>
						<string>| |&gt;</string>
						<key>icon</key>
						<string>button.png</string>
						<key>xCoord</key>
						<integer>128</integer>
						<key>yCoord</key>
						<integer>288</integer>
					</dict>
				</array>
			</dict>
			<key>Channels</key>
			<dict>
				<key>buttons</key>
				<array>
					<dict>
						<key>function</key>
						<string>TiVo 1</string>
						<key>connection</key>
						<string>TiVo</string>
						<key>title</key>
						<string>1</string>
						<key>icon</key>
						<string>button.png</string>
						<key>xCoord</key>
						<integer>64</integer>
						<key>yCoord</key>
						<integer>192</integer>
					</dict>
					<dict>
						<key>function</key>
						<string>TiVo 2</string>
						<key>connection</key>
						<string>TiVo</string>
						<key>title</key>
						<string>2</string>
						<key>icon</key>
						<string>button.png</string>
						<key>xCoord</key>
						<integer>128</integer>
						<key>yCoord</key>
						<integer>192</integer>
					</dict>
					<dict>
						<key>function</key>
						<string>TiVo 3</string>
						<key>connection</key>
						<string>TiVo</string>
						<key>title</key>
						<string>3</string>
						<key>icon</key>
						<string>button.png</string>
						<key>xCoord</key>
						<integer>192</integer>
						<key>yCoord</key>
						<integer>192</integer>
					</dict>
					<dict>
						<key>function</key>
						<string>TiVo 4</string>
						<key>connection</key>
						<string>TiVo</string>
						<key>title</key>
						<string>4</string>
						<key>icon</key>
						<string>button.png</string>
						<key>xCoord</key>
						<integer>64</integer>
						<key>yCoord</key>
						<integer>240</integer>
					</dict>
					<dict>
						<key>function</key>
						<string>TiVo 5</string>
						<key>connection</key>
						<string>TiVo</string>
						<key>title</key>
						<string>5</string>
						<key>icon</key>
						<string>button.png</string>
						<key>xCoord</key>
						<integer>128</integer>
						<key>yCoord</key>
						<integer>240</integer>
					</dict>
					<dict>
						<key>function</key>
						<string>TiVo 6</string>
						<key>connection</key>
						<string>TiVo</string>
						<key>title</key>
						<string>6</string>
						<key>icon</key>
						<string>button.png</string>
						<key>xCoord</key>
						<integer>192</integer>
						<key>yCoord</key>
						<integer>240</integer>
					</dict>
					<dict>
						<key>function</key>
						<string>TiVo 7</string>
						<key>connection</key>
						<string>TiVo</string>
						<key>title</key>
						<string>7</string>
						<key>icon</key>
						<string>button.png</string>
						<key>xCoord</key>
						<integer>64</integer>
						<key>yCoord</key>
						<integer>288</integer>
					</dict>
					<dict>
						<key>function</key>
						<string>TiVo 8</string>
						<key>connection</key>
						<string>TiVo</string>
						<key>title</key>
						<string>8</string>
						<key>icon</key>
						<string>button.png</string>
						<key>xCoord</key>
						<integer>128</integer>
						<key>yCoord</key>
						<integer>288</integer>
					</dict>
					<dict>
						<key>function</key>
						<string>TiVo 9</string>
						<key>connection</key>
						<string>TiVo</string>
						<key>title</key>
						<string>9</string>
						<key>icon</key>
						<string>button.png</string>
						<key>xCoord</key>
						<integer>192</integer>
						<key>yCoord</key>
						<integer>288</integer>
					</dict>
					<dict>
						<key>function</key>
						<string>TiVo 0</string>
						<key>connection</key>
						<string>TiVo</string>
						<key>title</key>
						<string>0</string>
						<key>icon</key>
						<string>button.png</string>
						<key>xCoord</key>
						<integer>128</integer>
						<key>yCoord</key>
						<integer>336</integer>
					</dict>
				</array>
			</dict>
		</dict>
		<key>pages</key>
		<array>
			<dict>
				<key>title</key>
				<string>Playback</string>
				<key>sections</key>
				<array>
					<string>Navigation</string>
					<string>Playback</string>
				</array>
				<key>button</key>
				<dict>
					<key>function</key>
					<string>TiVo</string>
					<key>connection</key>
					<string>TiVo</string>
					<key>title</key>
					<string>TiVo</string>
					<key>icon</key>
					<string>button.png</string>
					<key>xCoord</key>
					<integer>128</integer>
					<key>yCoord</key>
					<integer>0</integer>
				</dict>
			</dict>
			<dict>
				<key>title</key>
				<string>Channels</string>
				<key>sections</key>
				<array>
					<string>Navigation</string>
					<string>Channels</string>
				</array>
				<key>button</key>
				<dict>
					<key>function</key>
					<string>TiVo</string>
					<key>connection</key>
					<string>TiVo</string>
					<key>title</key>
					<string>TiVo</string>
					<key>icon</key>
					<string>button.png</string>
					<key>xCoord</key>
					<integer>128</integer>
					<key>yCoord</key>
					<integer>0</integer>
				</dict>
			</dict>
		</array>
	</dict>
</plist>
